Id,cc_num,trans_date,unix_time,amt,merch_lat,merch_long,is_fraud
1021,5157436163845247,201201110000000530,1326324156,158,35.293151,-119.09124299999999,0
148,370763211656868,201201020000000530,1325524105,45,41.866139000000004,-87.60848100000001,0
6672,6011779269963768,201606120000000530,1465721069,235,36.680126,-89.764651,0
11523,5157595343543285,201612020000000530,1480656774,128,27.431764,-98.839515,0
3498,675985166411,201601310000000530,1454277369,84,44.766077,-75.144717,0
7035,4641003399120410,201606250000000530,1466857508,80,42.160578,-92.16936899999999,0
4543,5157595343543285,201603200000000530,1458512567,139,27.415388,-98.838263,0
8905,4361646620879135,201608220000000530,1471887273,93,41.667015,-74.655939,0
143,4037295225657274,201201020000000530,1325515394,341,40.085865000000005,-102.37499,0
7765,4170242670039985,201607160000000530,1468710296,70,45.948168,-106.62528300000001,0
11000,675985166411,201611130000000530,1479018856,196,44.758289000000005,-75.151983,0
8778,675985166411,201608180000000530,1471555616,106,44.777076,-75.157945,0
5556,4483018920250,201605010000000530,1462141769,43,36.958706,-108.18818,0
5358,4641003399120410,201604230000000530,1461442804,93,42.172071,-92.177375,0
4759,675985166411,201603290000000530,1459272457,36,44.76115,-75.157252,0
2526,6011537727192499,201201280000000530,1327744334,344,39.273364,-94.885123,0
3607,675985166411,201602080000000530,1454892212,209,44.784359,-75.154803,0
7084,5157595343543285,201606260000000530,1466931483,120,27.419078000000003,-98.82379399999999,0
299,370763211656868,201201040000000530,1325693373,91,41.895971,-87.605492,0
11496,4641003399120410,201612010000000530,1480613038,65,42.172339,-92.153609,0
3082,675985166411,201601100000000530,1452414387,87,44.774879,-75.155603,0
11363,675985166411,201611260000000530,1480194280,60,44.760559,-75.15804399999999,0
4769,4170242670039985,201603300000000530,1459304647,144,45.94275,-106.63202,0
9292,4170242670039985,201609060000000530,1473136802,215,45.928546000000004,-106.63617099999999,0
6987,4641003399120410,201606230000000530,1466684515,50,42.168777,-92.164024,0
4203,4641003399120410,201603080000000530,1457466924,178,42.165326,-92.159329,0
6194,4641003399120410,201605280000000530,1464406368,57,42.170489,-92.152124,0
3261,5157595343543285,201601200000000530,1453301509,63,27.429565999999998,-98.851286,0
9830,4641003399120410,201609270000000530,1474985776,209,42.144436,-92.158989,0
1262,5157436163845247,201201140000000530,1326546405,264,35.325922999999996,-119.09393,0
5749,4641003399120410,201605100000000530,1462860576,200,42.167736,-92.15581800000001,0
830,180036251237802,201201090000000530,1326068226,476,38.084171000000005,-83.654078,0
10045,5157595343543285,201610060000000530,1475754825,92,27.430339,-98.83880699999999,0
9288,4641003399120410,201609050000000530,1473118078,190,42.169681,-92.173701,0
2861,5421885738881170,201202010000000530,1328103491,67,40.192808,-83.006727,0
10940,6011779269963768,201611110000000530,1478836767,121,36.673693,-89.755946,0
11077,675985166411,201611150000000530,1479245901,163,44.754932000000004,-75.128778,0
5537,6011779269963768,201605010000000530,1462105453,180,36.692645,-89.761962,0
6455,6011779269963768,201606050000000530,1465137605,88,36.678732000000004,-89.75423599999999,0
3267,4170242670039985,201601200000000530,1453316271,144,45.951119,-106.64017700000001,0
737,4006862159277,201201080000000530,1326017281,139,40.625571,-73.984112,0
2978,5157595343543285,201601050000000530,1451999402,249,27.427071999999995,-98.822407,0
8208,5157595343543285,201607300000000530,1469901735,152,27.430259000000003,-98.838359,0
3195,4641003399120410,201601160000000530,1452981752,58,42.147247,-92.16774699999999,0
6294,5157595343543285,201605310000000530,1464674338,143,27.416839000000003,-98.837514,0
8519,5157595343543285,201608100000000530,1470824787,117,27.417285999999997,-98.841755,0
2091,4515092388857440,201201220000000530,1327263469,57,41.559141,-83.071764,0
5444,675985166411,201604270000000530,1461763401,102,44.759344,-75.125293,0
9848,4641003399120410,201609280000000530,1475035486,193,42.159073,-92.149445,0
361,4765125568595799,201201050000000530,1325738052,67,38.638797,-78.264928,0
7557,4641003399120410,201607100000000530,1468147879,26,42.169553,-92.154372,0
5137,4170242670039985,201604140000000530,1460674755,74,45.921745,-106.642176,0
9431,5157595343543285,201609110000000530,1473604818,96,27.427201,-98.855365,0
5902,4641003399120410,201605160000000530,1463398570,191,42.163596999999996,-92.164231,0
7750,675985166411,201607160000000530,1468697117,76,44.770377,-75.15324100000001,0
7473,4170242670039985,201607080000000530,1468009961,126,45.920893,-106.632535,0
11415,6011779269963768,201611280000000530,1480353498,95,36.674493,-89.781814,0
7623,4170242670039985,201607120000000530,1468329790,73,45.948073,-106.637593,0
1405,3593533875650654,201201150000000530,1326644825,24,41.673415999999996,-88.365246,0
3786,5157595343543285,201602180000000530,1455803158,90,27.423119,-98.852889,0
8766,4641003399120410,201608180000000530,1471512577,95,42.159721999999995,-92.167614,0
9918,4483018920250,201610010000000530,1475305736,47,36.969969,-108.18106,0
11265,4641003399120410,201611220000000530,1479858358,52,42.152957,-92.18051899999999,0
6105,675985166411,201605240000000530,1464102461,111,44.772740999999996,-75.127574,0
5084,675985166411,201604120000000530,1460477580,229,44.769622999999996,-75.151663,0
4685,4641003399120410,201603260000000530,1459017430,54,42.173033000000004,-92.181083,0
4622,6011779269963768,201603240000000530,1458844886,42,36.672336,-89.763789,0
4210,6011779269963768,201603090000000530,1457488043,171,36.686678,-89.776521,0
8657,675985166411,201608140000000530,1471191218,66,44.769221,-75.133792,0
1417,3526015186182660,201201150000000530,1326660680,166,38.166894,-120.34248000000001,0
6103,6011779269963768,201605240000000530,1464101894,69,36.693231,-89.765978,0
2106,3526015186182660,201201220000000530,1327275876,63,38.188383,-120.377495,0
2924,4170242670039985,201601020000000530,1451743701,175,45.920746,-106.6288,0
2166,4361355512072,201201240000000530,1327379386,122,47.239554,-96.79213100000001,0
5374,4170242670039985,201604240000000530,1461503881,76,45.924064,-106.624626,0
11027,675985166411,201611130000000530,1479070621,165,44.755784999999996,-75.135148,0
2283,3593533875650654,201201250000000530,1327515099,29,41.694703999999994,-88.35920300000001,0
9891,4361646620879135,201609300000000530,1475196535,63,41.680671999999994,-74.671318,0
1695,6011165671471311,201201190000000530,1326965527,74,37.799974,-122.42141299999999,0
3894,4483018920250,201602230000000530,1456242062,88,36.973960999999996,-108.183793,0
10688,4641003399120410,201610310000000530,1477903461,153,42.169383,-92.167929,0
6065,4483018920250,201605220000000530,1463948384,179,36.960969,-108.189959,0
5729,675985166411,201605080000000530,1462739331,211,44.764224,-75.151493,0
9765,4361646620879135,201609240000000530,1474752592,143,41.699104,-74.686612,0
3656,4641003399120410,201602100000000530,1455146208,108,42.148744,-92.171876,0
9516,6011779269963768,201609140000000530,1473886779,151,36.700012,-89.766543,0
11612,4483018920250,201612030000000530,1480795726,57,36.959891,-108.164001,0
4731,4170242670039985,201603280000000530,1459132683,48,45.937226,-106.647884,0
4960,6011779269963768,201604080000000530,1460077678,97,36.693447,-89.75783,0
8191,4483018920250,201607300000000530,1469882910,291,36.970101,-108.179842,0
5033,4641003399120410,201604100000000530,1460264979,168,42.149834999999996,-92.16702099999999,0
9961,4641003399120410,201610020000000530,1475432137,122,42.158404,-92.16755500000001,0
7658,4483018920250,201607130000000530,1468426992,139,36.963099,-108.188179,0
10236,4170242670039985,201610140000000530,1476410881,34,45.939417999999996,-106.621987,0
9533,4483018920250,201609150000000530,1473978374,60,36.954679999999996,-108.19065800000001,0
6242,4483018920250,201605290000000530,1464525052,67,36.964477,-108.18108899999999,0
4377,4641003399120410,201603140000000530,1457949221,85,42.163761,-92.155082,0
3827,675985166411,201602200000000530,1455994382,41,44.765812,-75.149464,0
3325,675985166411,201601230000000530,1453557884,242,44.752501,-75.124705,0
8969,4641003399120410,201608250000000530,1472116983,249,42.142874,-92.151488,0
4889,6011779269963768,201604040000000530,1459728348,219,36.69448,-89.77271800000001,0
10339,4361646620879135,201610170000000530,1476706149,140,41.693641,-74.675481,0
7044,4641003399120410,201606250000000530,1466863431,185,42.167089000000004,-92.154758,0
3291,675985166411,201601220000000530,1453438995,108,44.770493,-75.12746700000001,0
8445,4483018920250,201608070000000530,1470582661,106,36.962104,-108.194744,0
576,30405027360515,201201070000000530,1325915841,78,40.264873,-123.792324,0
3600,4641003399120410,201602070000000530,1454864640,157,42.172088,-92.152714,0
7577,4641003399120410,201607100000000530,1468173053,68,42.174852,-92.16211899999999,0
3949,5157595343543285,201602270000000530,1456535108,79,27.416238,-98.854039,0
7413,4641003399120410,201607060000000530,1467841588,148,42.170069,-92.150028,0
5950,6011779269963768,201605180000000530,1463599824,49,36.689505,-89.767862,0
5337,4170242670039985,201604220000000530,1461358526,97,45.949366999999995,-106.640374,0
4785,4170242670039985,201603310000000530,1459426187,36,45.935741,-106.62355600000001,0
1323,3593533875650654,201201140000000530,1326584693,25,41.688963,-88.34026300000001,0
7689,5157595343543285,201607140000000530,1468522238,244,27.430768,-98.84836899999999,0
9624,4170242670039985,201609180000000530,1474216668,130,45.92512,-106.620916,0
128,348933408404369,201201020000000530,1325488738,86,32.476692,-82.933208,0
6666,6011779269963768,201606110000000530,1465685996,114,36.69469,-89.762355,0
1930,370763211656868,201201210000000530,1327160431,478,41.880686,-87.61907099999999,0
5012,4361646620879135,201604090000000530,1460223196,54,41.686367,-74.663485,0
3157,4483018920250,201601150000000530,1452829863,53,36.941515,-108.17379299999999,0
4402,4641003399120410,201603150000000530,1458073530,97,42.159461,-92.150611,0
2176,3561758568398109,201201240000000530,1327412726,338,40.903381,-74.155452,0
1940,30157941709315,201201210000000530,1327164880,194,43.601108,-91.507749,0
9484,675985166411,201609130000000530,1473778866,83,44.760317,-75.136432,0
9318,4483018920250,201609070000000530,1473253804,90,36.962462,-108.173826,0
3383,675985166411,201601260000000530,1453826898,74,44.766409,-75.141627,0
5208,4641003399120410,201604170000000530,1460875428,66,42.170303999999994,-92.17819,0
1997,3561758568398109,201201220000000530,1327192988,233,40.925606,-74.151075,0
5932,4170242670039985,201605170000000530,1463503774,161,45.942384000000004,-106.64637900000001,0
3491,4641003399120410,201601310000000530,1454262708,219,42.161365999999994,-92.158064,0
6253,4483018920250,201605290000000530,1464547048,38,36.966248,-108.17481699999999,0
6778,6011779269963768,201606160000000530,1466095214,53,36.703456,-89.772071,0
4815,4641003399120410,201604010000000530,1459527414,104,42.142927,-92.169597,0
3380,675985166411,201601260000000530,1453819820,94,44.752924,-75.141936,0
10446,4641003399120410,201610220000000530,1477149702,135,42.147369,-92.17996600000001,0
6661,675985166411,201606110000000530,1465674100,117,44.765021999999995,-75.132603,0
6761,4361646620879135,201606150000000530,1466029593,45,41.676055,-74.678416,0
1392,38535403302699,201201150000000530,1326635531,124,39.919256,-83.42029000000001,0
3100,4641003399120410,201601110000000530,1452520302,67,42.156643,-92.15619000000001,0
8676,675985166411,201608140000000530,1471218447,72,44.782465,-75.141941,0
10283,6011779269963768,201610150000000530,1476566201,205,36.703569,-89.76397,0
9372,5157595343543285,201609090000000530,1473451941,41,27.433438,-98.85379499999999,0
8740,675985166411,201608170000000530,1471451033,236,44.762331,-75.155138,0
11261,4170242670039985,201611220000000530,1479850411,74,45.924166,-106.64723899999998,0
10765,675985166411,201611030000000530,1478205244,67,44.765273,-75.15529599999999,0
5327,4170242670039985,201604220000000530,1461332019,78,45.917472,-106.632497,0
9339,4641003399120410,201609080000000530,1473308955,154,42.159346,-92.16228100000001,0
8609,4641003399120410,201608130000000530,1471062516,113,42.152832000000004,-92.179211,0
10610,4170242670039985,201610280000000530,1477676009,67,45.949219,-106.627606,0
7840,6011779269963768,201607190000000530,1468932486,90,36.696031,-89.784041,0
5021,6011779269963768,201604090000000530,1460237453,79,36.671440000000004,-89.754478,0
5798,4641003399120410,201605130000000530,1463121995,45,42.144208,-92.158521,0
7765,4170242670039985,201607160000000530,1468710296,70,45.948168,-106.62528300000001,0
9397,4483018920250,201609100000000530,1473526177,223,36.966273,-108.18600900000001,0
5878,675985166411,201605150000000530,1463324752,42,44.752976000000004,-75.142466,0
7010,5157595343543285,201606240000000530,1466773272,75,27.424415000000003,-98.828321,0
4658,4641003399120410,201603250000000530,1458943761,115,42.14917,-92.14876,0
1849,4354778868658084,201201200000000530,1327099382,493,41.956675,-87.66256700000001,0
10752,675985166411,201611030000000530,1478168436,66,44.781686,-75.133854,0
9077,6011779269963768,201608280000000530,1472418680,148,36.675808,-89.763225,0
10469,4483018920250,201610230000000530,1477220791,163,36.958735,-108.18628600000001,0
11046,4483018920250,201611140000000530,1479149715,116,36.944996,-108.163334,0
11318,4641003399120410,201611250000000530,1480086685,113,42.172517,-92.17979100000001,0
3986,675985166411,201602280000000530,1456668622,82,44.759326,-75.145845,0
8589,4641003399120410,201608120000000530,1471031193,57,42.150028999999996,-92.16832099999999,0
2237,348933408404369,201201250000000530,1327463710,120,32.461524,-82.940883,0
852,348933408404369,201201090000000530,1326108694,786,32.440702,-82.952442,0
1093,370763211656868,201201130000000530,1326416379,327,41.874541,-87.635888,0
5257,5157595343543285,201604190000000530,1461088591,50,27.421582,-98.855603,0
5511,675985166411,201604300000000530,1462004694,62,44.764792,-75.15598,0
9935,4641003399120410,201610010000000530,1475342325,200,42.158909,-92.169586,0
3893,4641003399120410,201602230000000530,1456240968,90,42.170319,-92.164376,0
10338,4641003399120410,201610170000000530,1476703279,89,42.175471,-92.179805,0
9382,6011779269963768,201609100000000530,1473482420,100,36.699395,-89.77356400000001,0
5390,4483018920250,201604240000000530,1461526884,71,36.943246,-108.16808400000001,0
2063,4006862159277,201201220000000530,1327248397,88,40.62075,-74.02239200000001,0
10093,675985166411,201610070000000530,1475872500,40,44.774127,-75.141414,0
3903,6011779269963768,201602240000000530,1456296531,62,36.690690000000004,-89.783772,0
3727,675985166411,201602140000000530,1455455236,151,44.780228,-75.1402,0
9100,675985166411,201608300000000530,1472516468,118,44.756118,-75.14036899999999,0
6848,4641003399120410,201606180000000530,1466256762,48,42.142235,-92.160538,0
10656,4483018920250,201610300000000530,1477793699,132,36.973462,-108.18244399999999,0
1930,370763211656868,201201210000000530,1327160431,478,41.880686,-87.61907099999999,0
3872,4170242670039985,201602220000000530,1456158929,63,45.935751,-106.620976,0
11230,5157595343543285,201611210000000530,1479732943,116,27.415433,-98.848324,0
7572,4170242670039985,201607100000000530,1468166610,43,45.942478,-106.62881499999999,0
7146,4170242670039985,201606280000000530,1467115585,286,45.93835,-106.63680900000001,0
7915,4361646620879135,201607210000000530,1469132822,82,41.68875,-74.65645699999999,0
5061,5157595343543285,201604110000000530,1460348971,74,27.415851,-98.830215,0
10175,4170242670039985,201610110000000530,1476178575,251,45.931298,-106.619712,0
3642,675985166411,201602100000000530,1455107985,80,44.77088,-75.151917,0
853,3593533875650654,201201090000000530,1326111951,28,41.690663,-88.35132,0
9710,4170242670039985,201609220000000530,1474559422,187,45.946886,-106.623116,0
5096,675985166411,201604130000000530,1460554902,69,44.783918,-75.127706,0
8414,6011779269963768,201608060000000530,1470515431,69,36.69422,-89.756795,0
6926,4641003399120410,201606200000000530,1466452498,187,42.163942,-92.180361,0
401,4361355512072,201201050000000530,1325785180,103,47.250488,-96.769448,0
1001,5421885738881170,201201110000000530,1326304794,59,40.168251,-82.988087,0
11765,5157595343543285,201612060000000530,1481051417,126,27.437778,-98.851967,0
2440,370763211656868,201201270000000530,1327672305,99,41.855627,-87.618337,0
7890,5157595343543285,201607200000000530,1469050879,138,27.426319,-98.835616,0
2612,4354778868658084,201201290000000530,1327799179,166,41.962428,-87.645507,0
232,4361355512072,201201030000000530,1325624755,48,47.251775,-96.818857,0
7024,6011779269963768,201606250000000530,1466824640,142,36.674765,-89.764623,0
2284,4765125568595799,201201250000000530,1327515596,72,38.615897,-78.244973,0
595,180036251237802,201201070000000530,1325936708,220,38.078403,-83.616817,0
9826,4483018920250,201609270000000530,1474972950,143,36.96213,-108.167175,0
7893,675985166411,201607210000000530,1469069438,130,44.784089,-75.124326,0
5622,4641003399120410,201605050000000530,1462444920,211,42.154012,-92.180639,0
10879,4641003399120410,201611070000000530,1478560713,61,42.155362,-92.154679,0
5741,4641003399120410,201605090000000530,1462811922,97,42.160447,-92.154472,0
5035,4641003399120410,201604100000000530,1460288134,68,42.151208000000004,-92.15479599999999,0
10611,675985166411,201610280000000530,1477677016,219,44.761905,-75.149973,0
6438,675985166411,201606050000000530,1465090516,69,44.751861,-75.134941,0
5554,5157595343543285,201605010000000530,1462136230,44,27.424941999999998,-98.854021,0
3196,675985166411,201601160000000530,1452985632,93,44.764988,-75.148415,0
9653,5157595343543285,201609190000000530,1474304881,168,27.422337,-98.835738,0
8296,4641003399120410,201608020000000530,1470156620,206,42.148384,-92.148608,0
11146,6011779269963768,201611180000000530,1479489736,50,36.679041,-89.782719,0
8023,4361646620879135,201607240000000530,1469371280,91,41.690127000000004,-74.675177,0
10905,675985166411,201611090000000530,1478696749,69,44.765181,-75.126787,0
6391,675985166411,201606030000000530,1464980419,73,44.776422,-75.140069,0
8571,4170242670039985,201608120000000530,1470969206,191,45.931818,-106.62736299999999,0
2097,4361355512072,201201220000000530,1327266881,54,47.301322,-96.809729,0
82,4037295225657274,201201010000000530,1325440795,239,40.066965,-102.402312,0
7943,675985166411,201607220000000530,1469218273,105,44.756397,-75.12716800000001,0
10047,675985166411,201610060000000530,1475755961,157,44.763542,-75.154145,0
9612,5157595343543285,201609180000000530,1474190519,141,27.424716999999998,-98.841601,0
6412,5157595343543285,201606040000000530,1465054356,61,27.428973,-98.83143000000001,0
4094,675985166411,201603040000000530,1457084789,112,44.769228999999996,-75.149165,0
8837,4641003399120410,201608200000000530,1471699003,121,42.153909000000006,-92.170307,0
10470,4361646620879135,201610230000000530,1477222668,144,41.692743,-74.67343199999999,0
10878,4483018920250,201611070000000530,1478559857,95,36.945673,-108.173698,0
3097,4483018920250,201601110000000530,1452496614,65,36.945269,-108.19301000000002,0
9375,6011779269963768,201609090000000530,1473457878,137,36.695634999999996,-89.762991,0
9586,5157595343543285,201609170000000530,1474137534,149,27.437724,-98.82365,0
1700,180094108369013,201201190000000530,1326973425,160,39.020375,-119.930552,0
1568,3593533875650654,201201170000000530,1326840599,28,41.692484,-88.363555,0
7205,675985166411,201606300000000530,1467289479,101,44.773162,-75.13829399999999,0
11337,5157595343543285,201611260000000530,1480128554,163,27.421357,-98.847661,0
7971,4641003399120410,201607230000000530,1469283474,77,42.153089,-92.16458100000001,0
11688,675985166411,201612040000000530,1480893523,114,44.766935,-75.135092,0
2034,4006862159277,201201220000000530,1327228695,464,40.611261999999996,-74.033532,0
4799,675985166411,201604010000000530,1459472022,270,44.777193,-75.130576,0
4517,675985166411,201603200000000530,1458466801,55,44.782901,-75.148516,0
6147,4483018920250,201605260000000530,1464267667,55,36.942957,-108.179571,0
8820,5157595343543285,201608190000000530,1471640950,55,27.422998,-98.82488599999999,0
6658,4170242670039985,201606110000000530,1465669342,146,45.945994,-106.64102,0
848,4515092388857440,201201090000000530,1326094821,351,41.560918,-83.027565,0
2783,38535403302699,201201310000000530,1327986325,107,39.900663,-83.46016800000001,0
6915,4483018920250,201606200000000530,1466416033,110,36.952085,-108.19086399999999,0
3439,675985166411,201601290000000530,1454101239,180,44.778802,-75.150786,0
7478,5157595343543285,201607080000000530,1468013288,68,27.423196,-98.822802,0
9264,4483018920250,201609040000000530,1473032189,59,36.949906,-108.19241799999999,0
5663,6011779269963768,201605060000000530,1462570178,89,36.701837,-89.771214,0
9102,4483018920250,201608300000000530,1472529672,69,36.953972,-108.18826100000001,0
1455,3561758568398109,201201160000000530,1326686707,784,40.906177,-74.177278,0
1308,5421885738881170,201201140000000530,1326579558,44,40.192298,-83.006162,0
2473,4354778868658084,201201270000000530,1327698786,322,41.960529,-87.67057199999999,0
623,4550801576257,201201070000000530,1325951262,62,42.106464,-80.048322,0
5665,6011779269963768,201605070000000530,1462579289,96,36.676246,-89.76984300000001,0
5950,6011779269963768,201605180000000530,1463599824,49,36.689505,-89.767862,0
860,3593533875650654,201201090000000530,1326134002,30,41.690075,-88.343695,0
9898,4483018920250,201609300000000530,1475252223,101,36.973019,-108.18804399999999,0
10002,4170242670039985,201610040000000530,1475590580,70,45.949467,-106.64123899999998,0
11768,4483018920250,201612060000000530,1481055289,271,36.962732,-108.16462299999999,0
798,180094108369013,201201080000000530,1326054815,83,39.04468,-119.886452,0
9109,4641003399120410,201608300000000530,1472561438,80,42.173362,-92.15733399999999,0
9756,4361646620879135,201609240000000530,1474721204,65,41.699184,-74.674715,0
8398,6011779269963768,201608060000000530,1470476589,65,36.672563000000004,-89.766267,0
3585,4483018920250,201602060000000530,1454784538,35,36.950111,-108.16279499999999,0
10557,4170242670039985,201610270000000530,1477527911,73,45.919471,-106.62381699999999,0
6785,675985166411,201606160000000530,1466102111,75,44.760465,-75.124705,0
10766,4641003399120410,201611030000000530,1478205772,143,42.171147,-92.180134,0
7231,675985166411,201607010000000530,1467381565,57,44.772246,-75.147008,0
6586,4361646620879135,201606090000000530,1465514793,65,41.67575,-74.674706,0
5697,5157595343543285,201605070000000530,1462656251,39,27.425172999999997,-98.851674,0
10603,4641003399120410,201610280000000530,1477662261,106,42.168543,-92.169055,0
10241,6011779269963768,201610140000000530,1476455756,61,36.674519000000004,-89.775476,0
9134,5157595343543285,201608310000000530,1472621534,184,27.413708000000003,-98.83116899999999,0
1057,4006862159277,201201120000000530,1326376779,64,40.631799,-74.022095,0
11625,5157595343543285,201612030000000530,1480806686,47,27.431520000000003,-98.833954,0
11093,4361646620879135,201611160000000530,1479316175,90,41.691418,-74.670355,0
11689,5157595343543285,201612040000000530,1480895635,161,27.421082000000002,-98.8259,0
3431,6011779269963768,201601290000000530,1454083746,198,36.674690999999996,-89.776878,0
4208,5157595343543285,201603090000000530,1457485926,198,27.44368,-98.85211600000001,0
9154,5157595343543285,201608310000000530,1472683285,109,27.441287,-98.83458399999999,0
5846,675985166411,201605140000000530,1463253465,59,44.772337,-75.13363299999999,0
286,30021746099829,201201040000000530,1325669814,320,42.721773,-96.70665600000001,0
3345,675985166411,201601240000000530,1453612756,83,44.772180999999996,-75.124708,0
9378,4641003399120410,201609090000000530,1473464300,205,42.171131,-92.173538,0
10607,4641003399120410,201610280000000530,1477671168,71,42.15388,-92.149499,0
3841,675985166411,201602210000000530,1456044425,96,44.778224,-75.143445,0
10916,675985166411,201611090000000530,1478731715,108,44.754858,-75.135359,0
10891,675985166411,201611080000000530,1478637579,165,44.779237,-75.127024,0
10214,4641003399120410,201610130000000530,1476327098,62,42.162172999999996,-92.179146,0
6348,5157595343543285,201606020000000530,1464864611,80,27.445121,-98.845883,0
11039,4361646620879135,201611140000000530,1479117789,98,41.695467,-74.67235699999999,0
8810,675985166411,201608190000000530,1471628779,50,44.782646,-75.138037,0
5850,5157595343543285,201605140000000530,1463268334,127,27.443786,-98.845743,0
7308,4170242670039985,201607030000000530,1467564435,93,45.924976,-106.64231299999999,0
4762,4641003399120410,201603290000000530,1459280369,139,42.156648,-92.180233,0
5100,4641003399120410,201604130000000530,1460560556,82,42.162978,-92.172413,0
11055,4483018920250,201611150000000530,1479179035,229,36.950790000000005,-108.187909,0
9009,675985166411,201608260000000530,1472243284,90,44.756414,-75.150088,0
11225,6011779269963768,201611200000000530,1479680918,64,36.690335,-89.786825,0
6628,4361646620879135,201606100000000530,1465596295,166,41.697129,-74.6566,0
9716,6011779269963768,201609220000000530,1474576152,49,36.694715,-89.759355,0
2576,5157436163845247,201201280000000530,1327778113,130,35.305665999999995,-119.094077,0
11270,6011779269963768,201611230000000530,1479906372,72,36.702719,-89.763638,0
1827,30170394853324,201201200000000530,1327082816,59,43.098003999999996,-76.773034,0
6752,675985166411,201606150000000530,1466003761,74,44.774072,-75.13682299999999,0
6489,4170242670039985,201606060000000530,1465203780,96,45.943702,-106.62363,0
147,4738555317386146,201201020000000530,1325523913,55,34.864321999999994,-87.731324,0
7012,4170242670039985,201606240000000530,1466776267,76,45.929425,-106.627326,0
4962,4641003399120410,201604080000000530,1460088875,122,42.145184,-92.172444,0
2775,4354778868658084,201201310000000530,1327969400,192,41.953679,-87.668518,0
11526,4483018920250,201612020000000530,1480669869,87,36.955726,-108.17589199999999,0
6183,675985166411,201605270000000530,1464378546,109,44.771968,-75.13125699999999,0
10792,6011779269963768,201611040000000530,1478286948,166,36.685644,-89.784334,0
5825,4641003399120410,201605140000000530,1463193956,32,42.174633,-92.158333,0
5169,4641003399120410,201604160000000530,1460791155,153,42.144139,-92.14851999999999,0
2650,4037295225657274,201201290000000530,1327827409,70,40.044774,-102.40865600000001,0
3542,4641003399120410,201602040000000530,1454595906,119,42.147304,-92.155323,0
8448,4170242670039985,201608070000000530,1470585119,108,45.945417,-106.620263,0
7493,6011779269963768,201607090000000530,1468046094,131,36.685556,-89.78642099999999,0
3517,5157595343543285,201602020000000530,1454405732,109,27.425456,-98.822489,0
9904,4361646620879135,201609300000000530,1475256773,127,41.675571000000005,-74.669103,0
6038,5157595343543285,201605220000000530,1463884949,114,27.437965999999996,-98.8332,0
5507,4170242670039985,201604300000000530,1461990559,126,45.920817,-106.622074,0
10585,675985166411,201610280000000530,1477617831,39,44.768018,-75.126925,0
720,4368593032190508,201201080000000530,1325998621,54,40.191829,-75.587744,0
8854,4170242670039985,201608200000000530,1471722816,105,45.925807,-106.63984199999999,0
6480,4170242670039985,201606050000000530,1465165350,239,45.921312,-106.62163100000001,0
7839,5157595343543285,201607190000000530,1468931617,51,27.430766,-98.826115,0
8317,675985166411,201608030000000530,1470225905,188,44.768314000000004,-75.153622,0
9764,675985166411,201609240000000530,1474751388,69,44.777705,-75.12983,0
2567,4354778868658084,201201280000000530,1327772233,420,41.962115000000004,-87.634439,0
10778,4641003399120410,201611040000000530,1478246089,188,42.163437,-92.173452,0
4579,4361646620879135,201603220000000530,1458683456,168,41.680384000000004,-74.657563,0
1497,6011537727192499,201201170000000530,1326761239,247,39.229776,-94.902823,0
10336,675985166411,201610170000000530,1476685172,137,44.767148999999996,-75.12688399999999,0
1401,38535403302699,201201150000000530,1326641494,273,39.910090000000004,-83.432737,0
11738,675985166411,201612060000000530,1480988465,201,44.767457,-75.14945,0
4916,4361646620879135,201604050000000530,1459884078,144,41.684948999999996,-74.685372,0
7333,4170242670039985,201607030000000530,1467587988,104,45.930207,-106.631009,0
9238,5157595343543285,201609040000000530,1472979028,71,27.419698999999998,-98.84715600000001,0
1276,6011537727192499,201201140000000530,1326559306,318,39.254321999999995,-94.882216,0
5494,4170242670039985,201604290000000530,1461949874,56,45.921242,-106.63528799999999,0
10569,4170242670039985,201610270000000530,1477574432,95,45.948689,-106.638582,0
2903,4361646620879135,201601010000000530,1451674595,90,41.700001,-74.661468,0
11180,5157595343543285,201611190000000530,1479589187,31,27.421460999999997,-98.82653,0
11732,675985166411,201612050000000530,1480975275,174,44.764449,-75.131958,0
5510,6011779269963768,201604300000000530,1462003431,217,36.675926000000004,-89.75936,0
11759,4641003399120410,201612060000000530,1481040643,117,42.15979,-92.175678,0
6259,4170242670039985,201605290000000530,1464554486,100,45.942309,-106.62329299999999,0
10478,6011779269963768,201610230000000530,1477234076,65,36.675975,-89.781213,0
98,5157436163845247,201201010000000530,1325449475,609,35.292546,-119.083582,0
5298,6011779269963768,201604210000000530,1461257930,108,36.676269,-89.77516,0
9094,4170242670039985,201608290000000530,1472489602,113,45.917665,-106.639198,0
9304,6011779269963768,201609060000000530,1473174257,47,36.672532000000004,-89.78066899999999,0
6189,4170242670039985,201605270000000530,1464384031,191,45.929496,-106.645583,0
8023,4361646620879135,201607240000000530,1469371280,91,41.690127000000004,-74.675177,0
2990,4483018920250,201601060000000530,1452066057,59,36.942443,-108.17623999999999,0
7735,4641003399120410,201607160000000530,1468680887,52,42.17293,-92.178488,0
9722,4170242670039985,201609220000000530,1474587222,166,45.936536,-106.63378700000001,0
3260,675985166411,201601200000000530,1453300457,97,44.761117,-75.13840400000001,0
1714,348933408404369,201201190000000530,1326987260,189,32.475336,-82.9117,0
2355,38535403302699,201201260000000530,1327590939,236,39.878625,-83.424025,0
9305,4170242670039985,201609060000000530,1473181555,83,45.9221,-106.623094,0
3036,4641003399120410,201601080000000530,1452274582,70,42.15309,-92.163061,0
7962,4483018920250,201607230000000530,1469256192,256,36.955371,-108.17862,0
4058,675985166411,201603030000000530,1456968077,197,44.757288,-75.127228,0
3631,5157595343543285,201602090000000530,1455042229,154,27.421305,-98.83795400000001,0
4612,4483018920250,201603240000000530,1458825172,238,36.967024,-108.190699,0
5339,6011779269963768,201604220000000530,1461367080,116,36.671928,-89.761436,0
2103,4738555317386146,201201220000000530,1327274083,103,34.881997999999996,-87.743998,0
1778,180036251237802,201201200000000530,1327042945,96,38.081884,-83.604843,0
9520,4483018920250,201609150000000530,1473916141,35,36.956066,-108.176905,0
3501,4641003399120410,201602010000000530,1454302030,150,42.142751000000004,-92.164129,0
5942,4641003399120410,201605180000000530,1463576729,94,42.164344,-92.156796,0
2813,5157436163845247,201201310000000530,1328028202,213,35.289956,-119.11578,0
7920,675985166411,201607220000000530,1469151587,77,44.784569,-75.145809,0
4372,4483018920250,201603140000000530,1457924521,104,36.955296999999995,-108.195471,0
716,370763211656868,201201080000000530,1325995106,69,41.861403,-87.609379,0
10164,4641003399120410,201610100000000530,1476081939,42,42.163478999999995,-92.163206,0
5168,675985166411,201604160000000530,1460789499,67,44.753028,-75.132194,0
5419,6011779269963768,201604260000000530,1461654043,71,36.680713,-89.75943199999999,0
10282,4170242670039985,201610150000000530,1476565652,68,45.951307,-106.648128,0
6284,5157595343543285,201605300000000530,1464640299,116,27.432474,-98.83866,0
10554,4170242670039985,201610260000000530,1477511848,121,45.94161,-106.627218,0
7840,6011779269963768,201607190000000530,1468932486,90,36.696031,-89.784041,0
8922,4361646620879135,201608230000000530,1471958336,68,41.695027,-74.683137,0
6755,6011779269963768,201606150000000530,1466015643,118,36.684376,-89.76536,0
9346,6011779269963768,201609080000000530,1473346427,226,36.671678,-89.772464,0
8509,4170242670039985,201608090000000530,1470770037,49,45.940902,-106.64518999999999,0
7251,4641003399120410,201607020000000530,1467453269,87,42.156119,-92.176833,0
6418,4483018920250,201606040000000530,1465058377,69,36.966614,-108.17970600000001,0
7179,4483018920250,201606290000000530,1467189212,49,36.960074,-108.16219199999999,0
9320,4170242670039985,201609070000000530,1473254942,27,45.937492,-106.623745,0
8202,675985166411,201607300000000530,1469896586,280,44.769234999999995,-75.150605,0
7681,5157595343543285,201607140000000530,1468502861,50,27.443145,-98.840478,0
2016,370763211656868,201201220000000530,1327210169,275,41.865747999999996,-87.609062,0
11143,4641003399120410,201611180000000530,1479482238,130,42.149840000000005,-92.166543,0
11859,4483018920250,201612080000000530,1481220019,131,36.943837,-108.181316,0
2113,4354778868658084,201201230000000530,1327293103,158,41.961059999999996,-87.65292099999999,0
800,6011165671471311,201201080000000530,1326056121,130,37.773291,-122.43674399999999,0
11745,4641003399120410,201612060000000530,1481022103,51,42.153014,-92.180214,0
11280,4170242670039985,201611230000000530,1479925305,130,45.926934,-106.644947,0
466,4006862159277,201201060000000530,1325828637,75,40.614543,-74.019775,0
1113,4515092388857440,201201130000000530,1326430965,72,41.541876,-83.074128,0
222,5421885738881170,201201030000000530,1325614415,72,40.182107,-83.002021,0
6361,4170242670039985,201606020000000530,1464892550,152,45.932851,-106.64211399999999,0
8814,675985166411,201608190000000530,1471632206,76,44.773707,-75.15036500000001,0
10026,5157595343543285,201610050000000530,1475687660,93,27.427306,-98.83914200000001,0
11780,5157595343543285,201612070000000530,1481079731,228,27.446002000000004,-98.830484,0
7222,675985166411,201607010000000530,1467362213,60,44.754059999999996,-75.15157099999999,0
8732,675985166411,201608170000000530,1471425210,53,44.778749,-75.150638,0
649,180094108369013,201201070000000530,1325962652,58,38.997292,-119.918411,0
1434,5421885738881170,201201150000000530,1326669434,82,40.167978000000005,-82.979784,0
7203,6011779269963768,201606300000000530,1467287454,101,36.692552,-89.76643,0
7098,4170242670039985,201606260000000530,1466959217,176,45.933299,-106.630632,0
6769,5157595343543285,201606160000000530,1466068172,100,27.428245,-98.824363,0
11068,6011779269963768,201611150000000530,1479233868,59,36.695696999999996,-89.772421,0
8234,4641003399120410,201607310000000530,1469948391,56,42.173522999999996,-92.173793,0
8794,4483018920250,201608190000000530,1471599778,129,36.952552000000004,-108.18042,0
7160,675985166411,201606280000000530,1467139474,130,44.778278,-75.144131,0
7075,4641003399120410,201606260000000530,1466908510,95,42.155916,-92.152564,0
6157,4641003399120410,201605260000000530,1464280581,67,42.1588,-92.159687,0
11092,675985166411,201611160000000530,1479311784,33,44.768751,-75.13571,0
4152,4170242670039985,201603060000000530,1457259400,122,45.918779,-106.634119,0
8995,4641003399120410,201608260000000530,1472215690,64,42.162939,-92.154022,0
9249,675985166411,201609040000000530,1473002851,166,44.766152000000005,-75.151097,0
9420,6011779269963768,201609110000000530,1473593703,260,36.673801,-89.767725,0
5174,6011779269963768,201604160000000530,1460808834,64,36.692327,-89.77166,0
8515,4641003399120410,201608100000000530,1470796845,102,42.163399,-92.17759699999999,0
6867,5157595343543285,201606180000000530,1466286497,88,27.43873,-98.828102,0
191,6011047554247853,201201030000000530,1325573052,259,28.506057000000002,-81.476382,0
4159,5157595343543285,201603060000000530,1457280802,150,27.419096999999997,-98.831357,0
4749,6011779269963768,201603280000000530,1459204451,150,36.674609000000004,-89.787515,0
57,374115112731710,201201010000000530,1325422500,98,37.827368,-117.26713400000001,0
781,370763211656868,201201080000000530,1326045919,239,41.889936,-87.61626,0
1274,3593533875650654,201201140000000530,1326556995,16,41.666191,-88.349021,0
7794,4641003399120410,201607170000000530,1468779082,267,42.153676000000004,-92.15769,0
5660,4170242670039985,201605060000000530,1462561246,57,45.934771999999995,-106.63081000000001,0
5612,4170242670039985,201605040000000530,1462400943,271,45.944321,-106.63806100000001,0
3300,675985166411,201601220000000530,1453471950,104,44.780883,-75.132053,0
8918,675985166411,201608230000000530,1471930955,71,44.780484,-75.146374,0
7450,4483018920250,201607080000000530,1467951312,64,36.972134000000004,-108.164666,0
9556,4483018920250,201609160000000530,1474061524,221,36.96502,-108.17693,0
308,5421885738881170,201201040000000530,1325699810,48,40.170778000000006,-82.97535699999999,0
2883,3593533875650654,201202010000000530,1328133193,28,41.668175,-88.356219,0
8666,4641003399120410,201608140000000530,1471203897,71,42.164263,-92.162523,0
253,3593533875650654,201201030000000530,1325634325,40,41.684834,-88.350445,0
79,4037295225657274,201201010000000530,1325439579,188,40.079529,-102.415871,0
4716,4170242670039985,201603270000000530,1459083732,91,45.934182,-106.633749,0
11852,5157595343543285,201612080000000530,1481214169,56,27.443895,-98.83251700000001,0
1939,4354778868658084,201201210000000530,1327164207,137,41.929842,-87.645151,0
10862,675985166411,201611070000000530,1478491738,90,44.785608,-75.150643,0
4225,4170242670039985,201603090000000530,1457529788,35,45.925414,-106.62901399999998,0
7745,675985166411,201607160000000530,1468691384,144,44.75383,-75.133907,0
8801,675985166411,201608190000000530,1471614281,99,44.775464,-75.12463699999999,0
10650,675985166411,201610290000000530,1477772598,75,44.761158,-75.151845,0
5228,4170242670039985,201604180000000530,1460942719,158,45.921108000000004,-106.643616,0
8110,4170242670039985,201607270000000530,1469639011,59,45.950601,-106.61996200000002,0
10641,4483018920250,201610290000000530,1477758794,100,36.964703,-108.1769,0
630,5157436163845247,201201070000000530,1325955718,150,35.316559999999996,-119.103656,0
1322,6011165671471311,201201140000000530,1326584006,352,37.765879,-122.393653,0
3284,6011779269963768,201601210000000530,1453403804,210,36.695634999999996,-89.784693,0
3029,4641003399120410,201601080000000530,1452251445,118,42.149029999999996,-92.178474,0
1137,4354778868658084,201201130000000530,1326457481,145,41.930004,-87.675037,0
5004,4641003399120410,201604090000000530,1460207623,80,42.163000000000004,-92.17666700000001,0
296,3593533875650654,201201040000000530,1325689154,29,41.694302,-88.359437,0
5251,5157595343543285,201604190000000530,1461078595,153,27.441621,-98.8551,0
1058,30157941709315,201201120000000530,1326377347,116,43.646087,-91.483446,0
6904,4483018920250,201606190000000530,1466375979,188,36.962014,-108.175707,0
7367,4483018920250,201607050000000530,1467725237,107,36.943866,-108.16423200000001,0
5623,4170242670039985,201605050000000530,1462445080,129,45.933061,-106.64474299999999,0
4651,4170242670039985,201603250000000530,1458929718,109,45.918234000000005,-106.62826399999999,0
140,4550801576257,201201020000000530,1325504511,328,42.112946,-80.069808,0
5472,6011779269963768,201604280000000530,1461855556,80,36.677479999999996,-89.761043,0
218,4092259246729,201201030000000530,1325606588,111,40.927959,-91.164615,0
4142,5157595343543285,201603060000000530,1457228646,79,27.422163,-98.834693,0
11282,4483018920250,201611230000000530,1479927097,127,36.969319,-108.183117,0
7371,5157595343543285,201607050000000530,1467730972,56,27.428964,-98.85436899999999,0
4390,4483018920250,201603150000000530,1458001539,53,36.965925,-108.1901,0
4136,4483018920250,201603050000000530,1457210320,143,36.947002000000005,-108.185135,0
8194,6011779269963768,201607300000000530,1469888837,235,36.688203,-89.75890799999999,0
7522,6011779269963768,201607090000000530,1468097435,267,36.692127,-89.783208,0
2502,3561758568398109,201201280000000530,1327725979,435,40.897745,-74.19104899999999,0
3114,4483018920250,201601120000000530,1452615353,151,36.973359,-108.172021,0
8535,4641003399120410,201608100000000530,1470850737,79,42.159228999999996,-92.147256,0
2898,675985166411,201601010000000530,1451661340,52,44.771345000000004,-75.156947,0
6531,4361646620879135,201606080000000530,1465362078,39,41.692781,-74.680858,0
8258,4170242670039985,201607310000000530,1469997811,108,45.922892,-106.642302,0
3892,4170242670039985,201602230000000530,1456239219,56,45.938814,-106.644654,0
7227,4170242670039985,201607010000000530,1467376185,93,45.919354999999996,-106.64324099999999,0
11848,675985166411,201612080000000530,1481207641,161,44.784977000000005,-75.13040699999999,0
6549,5157595343543285,201606080000000530,1465424929,43,27.436667,-98.82221700000001,0
7257,4170242670039985,201607020000000530,1467467422,127,45.950139,-106.633651,0
118,5157436163845247,201201020000000530,1325467414,1774,33.619662,-117.391852,1
120,5157436163845247,201201020000000530,1325469126,2013,34.570986,-118.71128999999999,1
121,5157436163845247,201201020000000530,1325469637,1801,36.988153000000004,-120.37676499999999,1
166,5157436163845247,201201020000000530,1325545618,1978,34.865241,-117.41551799999999,1
167,5157436163845247,201201020000000530,1325546081,1106,36.298320000000004,-118.863027,1
169,5157436163845247,201201020000000530,1325546438,2242,36.258303999999995,-119.416048,1
171,5157436163845247,201201020000000530,1325547949,1238,34.976981,-119.638322,1
172,5157436163845247,201201020000000530,1325548196,1310,33.766069,-120.140781,1
173,5157436163845247,201201020000000530,1325548508,2603,35.401589,-118.340026,1
174,5157436163845247,201201030000000530,1325550472,2786,33.642491,-120.475572,1
176,30260722249657,201201030000000530,1325551814,105,42.102573,-83.02392900000001,1
181,5157436163845247,201201030000000530,1325558048,1825,36.830873,-117.558296,1
182,5157436163845247,201201030000000530,1325559005,2476,34.135477,-117.69919099999998,1
183,5157436163845247,201201030000000530,1325559646,1580,33.722255,-117.662093,1
184,4515092388857440,201201030000000530,1325560547,275,40.008846999999996,-84.138624,1
198,5157436163845247,201201030000000530,1325579577,570,34.590585,-117.72867600000001,1
215,30260722249657,201201030000000530,1325598289,98,43.979637,-85.076657,1
236,30260722249657,201201030000000530,1325628033,104,42.227758,-83.298898,1
237,5157436163845247,201201030000000530,1325628256,1314,36.598734,-120.395032,1
239,5157436163845247,201201030000000530,1325628426,1113,36.628869,-120.537268,1
241,30260722249657,201201030000000530,1325629294,105,41.648264000000005,-84.90329399999999,1
245,30260722249657,201201030000000530,1325630675,98,40.945842,-83.78035200000001,1
247,4515092388857440,201201030000000530,1325631507,448,42.890426,-84.53631999999999,1
248,4515092388857440,201201030000000530,1325631628,285,41.204289,-83.96209,1
255,5132731018032805,201201040000000530,1325636214,384,33.534171,-108.354897,1
259,30260722249657,201201040000000530,1325639117,112,42.629044,-82.562647,1
260,30260722249657,201201040000000530,1325639383,110,41.119882000000004,-82.534468,1
261,348933408404369,201201040000000530,1325639651,2028,33.656883,-81.448725,1
262,348933408404369,201201040000000530,1325642496,1147,33.913416999999995,-82.950487,1
263,180036251237802,201201040000000530,1325643377,995,36.441415,-84.621751,1
265,4515092388857440,201201040000000530,1325643843,980,40.792101,-83.604083,1
267,180036251237802,201201040000000530,1325646506,1965,38.270652,-84.731946,1
268,30260722249657,201201040000000530,1325646585,100,43.895609,-84.103311,1
269,30260722249657,201201040000000530,1325646682,131,41.631747999999995,-83.907423,1
270,4515092388857440,201201040000000530,1325647025,522,40.46229,-83.838329,1
273,30260722249657,201201040000000530,1325648639,101,43.336152,-81.801405,1
274,4515092388857440,201201040000000530,1325649194,1213,40.489214000000004,-82.900407,1
277,180036251237802,201201040000000530,1325653096,1178,36.862826,-84.91117,1
298,348933408404369,201201040000000530,1325692608,1607,33.257062,-82.308571,1
307,30260722249657,201201040000000530,1325699024,109,42.996163,-83.040839,1
309,30260722249657,201201040000000530,1325701697,117,41.608546999999994,-82.833291,1
310,180036251237802,201201040000000530,1325702168,2042,37.044472999999996,-82.732793,1
313,5132731018032805,201201040000000530,1325702617,361,35.051372,-108.32509499999999,1
328,4515092388857440,201201040000000530,1325714556,672,43.047294,-81.646718,1
329,180036251237802,201201040000000530,1325714881,1723,36.423049,-82.07786899999999,1
334,348933408404369,201201040000000530,1325718487,388,32.070263,-82.29422,1
335,5132731018032805,201201040000000530,1325718615,248,32.833391999999996,-108.353356,1
336,180036251237802,201201040000000530,1325718712,2583,38.486696,-84.115076,1
337,4515092388857440,201201040000000530,1325718794,1197,42.647132,-81.792874,1
338,348933408404369,201201040000000530,1325718815,1063,33.622039,-83.414951,1
339,30260722249657,201201040000000530,1325718911,103,43.660555,-82.126723,1
340,5132731018032805,201201040000000530,1325718959,183,32.821241,-106.76335300000001,1
341,30260722249657,201201040000000530,1325719332,133,43.365846999999995,-83.260191,1
342,30260722249657,201201040000000530,1325720883,105,40.953973,-83.19411,1
344,5132731018032805,201201040000000530,1325721195,231,32.859924,-107.56576000000001,1
345,348933408404369,201201050000000530,1325721809,2162,33.75589,-82.986089,1
347,5132731018032805,201201050000000530,1325722743,486,35.820968,-107.820353,1
351,6011537727192499,201201050000000530,1325725500,476,40.459557000000004,-93.38918000000001,1
352,180036251237802,201201050000000530,1325726266,2492,38.050011,-83.086649,1
353,348933408404369,201201050000000530,1325727107,1007,33.657065,-83.264429,1
357,5132731018032805,201201050000000530,1325731053,228,32.873721,-106.028522,1
371,30021746099829,201201050000000530,1325766450,553,41.755421000000005,-95.350604,1
385,6011537727192499,201201050000000530,1325774593,1025,40.492978,-96.261204,1
387,30021746099829,201201050000000530,1325777584,927,42.536365,-95.882432,1
394,6011537727192499,201201050000000530,1325782709,958,40.527824,-95.869833,1
395,5132731018032805,201201050000000530,1325783890,423,33.075398,-108.000105,1
412,180036251237802,201201050000000530,1325800945,674,36.924184000000004,-82.915449,1
413,30021746099829,201201050000000530,1325800973,620,41.042460999999996,-97.92798,1
414,30021746099829,201201050000000530,1325800984,1159,42.767154999999995,-96.07318000000001,1
415,5132731018032805,201201050000000530,1325801030,370,35.858062,-105.54995600000001,1
416,6011537727192499,201201050000000530,1325801561,554,38.533392,-93.67488399999999,1
418,30021746099829,201201050000000530,1325801736,1373,42.439603999999996,-97.13410400000001,1
419,5132731018032805,201201050000000530,1325802598,551,34.245020000000004,-107.166779,1
420,180036251237802,201201050000000530,1325803048,2361,39.132252,-84.00291,1
421,348933408404369,201201050000000530,1325803358,1497,31.360965999999998,-83.194294,1
424,30021746099829,201201050000000530,1325803553,1134,42.443982,-95.39445400000001,1
425,5132731018032805,201201050000000530,1325803807,325,34.259724,-105.700349,1
426,180036251237802,201201050000000530,1325804312,262,38.769577000000005,-83.270116,1
427,30021746099829,201201050000000530,1325804379,884,41.923835,-95.05136800000001,1
428,6011537727192499,201201050000000530,1325804734,1135,38.372690000000006,-95.29875799999999,1
430,180036251237802,201201050000000530,1325805856,2108,37.136794,-84.940593,1
431,5132731018032805,201201050000000530,1325805870,300,33.651769,-105.37685400000001,1
432,5132731018032805,201201050000000530,1325806051,394,35.772945,-106.71673200000001,1
435,30021746099829,201201050000000530,1325806625,1071,41.380185,-94.981779,1
436,5132731018032805,201201050000000530,1325806627,379,34.485007,-107.36104099999999,1
438,30021746099829,201201050000000530,1325806945,390,42.154759000000006,-98.00094200000001,1
439,5132731018032805,201201050000000530,1325807437,216,34.162822,-105.436704,1
441,6011537727192499,201201050000000530,1325807501,1358,38.903456,-95.525478,1
443,6011537727192499,201201060000000530,1325809738,439,37.617222,-95.568788,1
444,6011165671471311,201201060000000530,1325810526,1029,39.2178,-121.6846,1
445,6011165671471311,201201060000000530,1325812331,769,36.530588,-123.040627,1
449,6011537727192499,201201060000000530,1325813952,748,38.909667999999996,-93.26755,1
459,379684560931689,201201060000000530,1325821641,605,41.673862,-95.644693,1
464,379684560931689,201201060000000530,1325826907,820,42.172025,-96.759026,1
486,379684560931689,201201060000000530,1325855501,1346,39.907753,-95.020888,1
505,6011165671471311,201201060000000530,1325870417,686,37.146192,-122.20051299999999,1
513,379684560931689,201201060000000530,1325877723,346,40.506301,-96.025746,1
523,379684560931689,201201060000000530,1325884895,721,40.199257,-96.064322,1
529,6011165671471311,201201060000000530,1325886610,1093,36.3773,-121.427778,1
533,6011165671471311,201201060000000530,1325887316,1145,36.974909999999994,-120.932825,1
535,6011165671471311,201201060000000530,1325888107,549,37.612125,-121.08655,1
536,379684560931689,201201060000000530,1325888714,1971,39.966485999999996,-96.77852299999999,1
538,30021746099829,201201060000000530,1325889563,256,41.238849,-98.005397,1
539,6011537727192499,201201060000000530,1325890359,1051,37.917183,-93.50621600000001,1
540,30021746099829,201201060000000530,1325890519,1256,41.131246999999995,-95.671122,1
545,30021746099829,201201060000000530,1325891797,394,43.265971,-95.557303,1
550,6011537727192499,201201060000000530,1325894297,1219,39.488533000000004,-94.80236500000001,1
553,3593533875650654,201201070000000530,1325898240,126,40.315689,-87.871549,1
556,3593533875650654,201201070000000530,1325902291,125,40.630496,-89.484667,1
559,3593533875650654,201201070000000530,1325904634,99,40.950226,-87.26937099999999,1
563,3593533875650654,201201070000000530,1325907309,126,40.396302,-88.914735,1
586,676165681542,201201070000000530,1325926599,272,45.864942,-122.29737800000001,1
590,6011165671471311,201201070000000530,1325933248,377,39.36611,-120.85746,1
594,676165681542,201201070000000530,1325936667,218,43.460305,-122.714836,1
627,379684560931689,201201070000000530,1325953394,2181,41.556937,-96.971414,1
633,6011165671471311,201201070000000530,1325957464,1171,36.475152,-123.983273,1
671,3593533875650654,201201070000000530,1325973755,118,43.150952000000004,-88.082521,1
673,3593533875650654,201201070000000530,1325974358,124,42.496387,-89.444639,1
677,6011165671471311,201201070000000530,1325975410,496,38.920968,-122.38823799999999,1
679,6011165671471311,201201070000000530,1325976443,1122,37.202723,-123.70687,1
680,676165681542,201201070000000530,1325976858,1046,45.312792,-121.44335600000001,1
684,379684560931689,201201070000000530,1325977923,1501,39.531853000000005,-95.363732,1
685,676165681542,201201070000000530,1325977964,1069,46.256944,-122.626672,1
686,6011165671471311,201201070000000530,1325978316,366,37.100631,-123.907223,1
687,3593533875650654,201201070000000530,1325978347,104,40.301477,-88.678403,1
691,6011165671471311,201201070000000530,1325978897,964,38.478584999999995,-123.716284,1
693,3593533875650654,201201070000000530,1325980123,103,42.807207,-88.89224499999999,1
694,379684560931689,201201070000000530,1325980130,1611,41.1636,-96.948032,1
696,3593533875650654,201201070000000530,1325980443,105,40.262594,-89.985783,1
697,3593533875650654,201201070000000530,1325980453,112,40.930904999999996,-87.023055,1
698,379684560931689,201201070000000530,1325980468,913,42.524982,-94.994171,1
709,676165681542,201201080000000530,1325992290,803,43.952855,-124.432594,1
711,3593533875650654,201201080000000530,1325993157,100,43.008526,-88.94106500000001,1
712,3593533875650654,201201080000000530,1325993241,122,42.261359999999996,-88.752296,1
713,3593533875650654,201201080000000530,1325993568,100,40.582639,-88.76495899999999,1
714,5264302655249852,201201080000000530,1325994006,811,33.092090999999996,-89.183598,1
715,3593533875650654,201201080000000530,1325994620,122,42.679456,-87.628506,1
771,676165681542,201201080000000530,1326037507,307,44.411264,-122.67079,1
776,5264302655249852,201201080000000530,1326041888,1076,33.52778,-86.763922,1
808,5264302655249852,201201080000000530,1326061211,823,32.246428,-89.63246,1
810,676165681542,201201080000000530,1326061510,606,45.357317,-122.05683700000002,1
811,5264302655249852,201201080000000530,1326061562,565,33.298444,-87.99407099999999,1
812,3593533875650654,201201080000000530,1326062326,125,41.330283,-88.307038,1
813,3593533875650654,201201080000000530,1326062537,116,41.395931,-88.076699,1
816,5264302655249852,201201080000000530,1326063496,604,32.121949,-87.93956800000001,1
819,676165681542,201201080000000530,1326064323,850,44.537559,-124.437646,1
822,5264302655249852,201201080000000530,1326064728,724,32.997766999999996,-89.079471,1
826,676165681542,201201080000000530,1326066106,824,43.233203,-121.86089799999999,1
827,676165681542,201201080000000530,1326066217,650,46.441407,-122.39402,1
828,4037295225657274,201201090000000530,1326067900,396,41.503898,-102.72188100000001,1
829,4037295225657274,201201090000000530,1326067918,709,39.460665000000006,-101.729077,1
831,4037295225657274,201201090000000530,1326068377,775,38.792528000000004,-103.957847,1
835,5264302655249852,201201090000000530,1326076078,322,32.915584,-88.191822,1
837,4037295225657274,201201090000000530,1326077650,820,38.997046999999995,-103.878499,1
849,4037295225657274,201201090000000530,1326105283,589,41.030698,-101.593814,1
873,5264302655249852,201201090000000530,1326147012,1002,33.344,-88.038444,1
874,5264302655249852,201201090000000530,1326147709,442,35.133489000000004,-89.49816899999999,1
875,4037295225657274,201201090000000530,1326148183,402,40.939939,-101.142933,1
876,4037295225657274,201201090000000530,1326149128,722,40.809108,-101.022173,1
879,4037295225657274,201201090000000530,1326151877,707,40.764312,-101.646305,1
881,4037295225657274,201201100000000530,1326157481,620,40.687277,-103.543243,1
888,4037295225657274,201201100000000530,1326167887,883,41.016989,-103.561977,1
942,4037295225657274,201201100000000530,1326236139,1037,39.638586,-103.018217,1
946,4037295225657274,201201100000000530,1326239432,476,40.499494,-101.004377,1
1026,4550801576257,201201120000000530,1326327524,1559,42.054439,-79.519526,1
1034,374115112731710,201201120000000530,1326338622,388,39.306793,-116.69195900000001,1
1037,374115112731710,201201120000000530,1326347976,416,39.429063,-116.863152,1
1041,374115112731710,201201120000000530,1326353607,415,39.384658,-116.604251,1
1043,4550801576257,201201120000000530,1326356431,1579,41.159144,-79.360424,1
1053,374115112731710,201201120000000530,1326371957,495,36.974716,-116.893184,1
1078,4550801576257,201201120000000530,1326406335,2075,40.584024,-78.798615,1
1082,4550801576257,201201120000000530,1326409015,1013,41.693534,-79.155403,1
1086,374115112731710,201201120000000530,1326412640,253,37.504149,-117.69361200000002,1
1088,4006862159277,201201130000000530,1326413763,1592,41.376663,-74.68910600000001,1
1097,4550801576257,201201130000000530,1326419700,1271,40.582751,-80.072389,1
1100,4550801576257,201201130000000530,1326421252,536,40.634183,-78.966739,1
1103,4006862159277,201201130000000530,1326423209,1361,40.5642,-74.917322,1
1104,4550801576257,201201130000000530,1326423449,1208,42.667235999999995,-81.135476,1
1105,3561758568398109,201201130000000530,1326423742,1136,39.461469,-74.10732800000001,1
1108,4006862159277,201201130000000530,1326423976,1016,41.692382,-75.063868,1
1109,374115112731710,201201130000000530,1326424677,537,38.161676,-117.851895,1
1132,4006862159277,201201130000000530,1326452893,900,41.240120000000005,-72.51549,1
1135,374115112731710,201201130000000530,1326457093,210,38.190670000000004,-117.888049,1
1139,3561758568398109,201201130000000530,1326458127,1754,42.096882,-72.772853,1
1156,4550801576257,201201130000000530,1326467810,756,42.592490999999995,-80.382544,1
1176,4550801576257,201201130000000530,1326485002,2726,40.81648,-78.825872,1
1180,374115112731710,201201130000000530,1326487934,438,38.99282,-117.829769,1
1189,3561758568398109,201201130000000530,1326493982,937,40.538646,-75.761806,1
1194,3561758568398109,201201130000000530,1326496109,2186,41.848218,-74.066387,1
1196,374115112731710,201201130000000530,1326496605,217,37.177242,-117.87443600000002,1
1198,4550801576257,201201130000000530,1326497124,1562,43.796428999999996,-81.62949300000001,1
1200,3561758568398109,201201130000000530,1326497551,260,39.839987,-75.59678100000001,1
1201,4550801576257,201201130000000530,1326497969,1080,42.731621999999994,-79.40877900000001,1
1204,4006862159277,201201130000000530,1326499047,1850,41.135476000000004,-75.077786,1
1205,4361355512072,201201140000000530,1326500061,209,47.248845,-95.403814,1
1207,342823590771707,201201140000000530,1326500332,833,33.412996,-80.711435,1
1208,370763211656868,201201140000000530,1326500390,309,43.023201,-87.462749,1
1210,4354778868658084,201201140000000530,1326501804,2273,41.704084,-87.011054,1
1212,4354778868658084,201201140000000530,1326504401,1225,42.691621000000005,-87.60742900000001,1
1215,342823590771707,201201140000000530,1326506304,465,36.030527,-80.098371,1
1216,4354778868658084,201201140000000530,1326506471,2614,42.187523999999996,-87.537811,1
1217,6011047554247853,201201140000000530,1326507449,796,29.698481,-80.756132,1
1218,4006862159277,201201140000000530,1326508397,1228,42.119292,-75.670702,1
1220,4361355512072,201201140000000530,1326509041,179,47.226719,-95.508827,1
1221,4354778868658084,201201140000000530,1326509964,1524,43.176852000000004,-88.728673,1
1223,4354778868658084,201201140000000530,1326511074,462,40.922052,-87.620987,1
1224,4354778868658084,201201140000000530,1326511572,2431,40.412603999999995,-89.022182,1
1225,370763211656868,201201140000000530,1326511603,1027,40.987769,-88.655248,1
1259,4361355512072,201201140000000530,1326544938,252,47.643754,-96.303157,1
1273,370763211656868,201201140000000530,1326555743,1083,41.96222,-88.558715,1
1283,370763211656868,201201140000000530,1326563278,401,42.6531,-86.308714,1
1302,6011047554247853,201201140000000530,1326579175,215,28.20859,-81.626891,1
1303,4006862159277,201201140000000530,1326579213,1071,42.059701000000004,-72.377188,1
1305,4006862159277,201201140000000530,1326579333,1941,41.09517,-72.997763,1
1306,342823590771707,201201140000000530,1326579432,970,34.173392,-79.403205,1
1307,4354778868658084,201201140000000530,1326579528,597,41.093759000000006,-89.134996,1
1309,4006862159277,201201140000000530,1326579775,1689,39.824271,-73.508018,1
1310,342823590771707,201201140000000530,1326580912,381,35.458677,-80.691613,1
1311,3561758568398109,201201140000000530,1326581148,1028,40.812265999999994,-73.274406,1
1312,4361355512072,201201140000000530,1326581570,443,46.881873,-95.49695,1
1314,4006862159277,201201140000000530,1326581809,511,40.068158000000004,-75.486141,1
1316,4361355512072,201201140000000530,1326582506,179,47.026432,-97.507496,1
1318,4006862159277,201201140000000530,1326583123,1204,42.028233,-73.60973100000001,1
1320,3561758568398109,201201140000000530,1326583517,1742,41.476467,-75.642886,1
1324,4361355512072,201201140000000530,1326584723,363,48.349343,-95.626598,1
1325,3561758568398109,201201140000000530,1326585176,1943,39.824172,-75.65410200000001,1
1327,4354778868658084,201201140000000530,1326585357,2254,42.568639000000005,-86.047703,1
1328,3561758568398109,201201140000000530,1326585378,1256,40.87127,-75.437462,1
1332,6011047554247853,201201150000000530,1326585978,223,29.842211,-82.85356999999999,1
1333,342823590771707,201201150000000530,1326588325,301,34.775915000000005,-81.0725,1
1334,4354778868658084,201201150000000530,1326588581,476,43.217109,-86.19630500000001,1
1335,180094108369013,201201150000000530,1326588659,313,38.404612,-120.61691299999998,1
1336,370763211656868,201201150000000530,1326588874,729,42.953055,-88.082889,1
1338,342823590771707,201201150000000530,1326588969,723,36.298946,-80.233312,1
1339,4361355512072,201201150000000530,1326589204,151,48.25267,-96.72111600000001,1
1340,4354778868658084,201201150000000530,1326589792,1555,41.890359000000004,-87.58335100000001,1
1341,180094108369013,201201150000000530,1326589912,178,39.045409,-118.622155,1
1342,4354778868658084,201201150000000530,1326590310,711,43.118251,-86.355753,1
1344,180094108369013,201201150000000530,1326591695,501,39.418137,-119.20641299999998,1
1345,370763211656868,201201150000000530,1326592095,805,42.773137,-87.558912,1
1347,4361355512072,201201150000000530,1326594950,209,47.275758,-95.09488499999999,1
1350,342823590771707,201201150000000530,1326598015,460,34.168022,-79.417941,1
1356,4354778868658084,201201150000000530,1326603282,2232,43.141690000000004,-87.49521,1
1368,4361355512072,201201150000000530,1326613867,445,47.713946,-95.248639,1
1372,4354778868658084,201201150000000530,1326616189,855,43.206103000000006,-87.93986,1
1390,180094108369013,201201150000000530,1326634510,256,37.738818,-120.674768,1
1404,6011047554247853,201201150000000530,1326644381,377,29.828964000000003,-79.753817,1
1422,4354778868658084,201201150000000530,1326666266,508,41.230940000000004,-86.102724,1
1426,4361355512072,201201150000000530,1326667050,409,47.346096,-96.628151,1
1427,180094108369013,201201150000000530,1326667193,172,39.978635,-119.55138899999999,1
1428,6011047554247853,201201150000000530,1326667262,870,29.685392999999998,-82.015637,1
1429,4361355512072,201201150000000530,1326667704,180,47.36831,-98.079463,1
1430,4361355512072,201201150000000530,1326668137,335,48.709398,-95.780664,1
1431,6011047554247853,201201150000000530,1326668473,263,28.424194,-80.66896899999999,1
1432,180094108369013,201201150000000530,1326668530,335,39.92935,-121.01747900000001,1
1433,6011047554247853,201201150000000530,1326669159,1069,27.370859999999997,-81.70905400000001,1
1435,180094108369013,201201150000000530,1326669921,370,39.854383,-120.77913500000001,1
1438,370763211656868,201201150000000530,1326670532,963,43.588658,-87.741591,1
1440,4361355512072,201201150000000530,1326670804,176,46.539019,-95.644094,1
1441,342823590771707,201201150000000530,1326671084,419,35.813044,-80.519253,1
1442,4361355512072,201201150000000530,1326671261,174,48.572907,-97.184825,1
1443,6011047554247853,201201150000000530,1326671516,1049,26.835272999999997,-81.729639,1
1444,180094108369013,201201150000000530,1326671698,248,37.369887,-118.52134299999999,1
1447,676331132040,201201160000000530,1326674988,712,43.969822,-71.001628,1
1470,341559343212109,201201160000000530,1326719510,791,40.579727,-86.891201,1
1477,676331132040,201201160000000530,1326727949,363,43.763104999999996,-71.926927,1
1481,180094108369013,201201160000000530,1326737549,538,38.39151,-120.59833799999998,1
1489,341559343212109,201201160000000530,1326753210,1165,40.219159000000005,-87.268591,1
1492,341559343212109,201201160000000530,1326756340,285,38.374508,-88.958332,1
1493,676331132040,201201160000000530,1326756751,744,44.597741,-71.879616,1
1494,5590294502817012,201201170000000530,1326758912,2520,30.015002000000003,-97.77278000000001,1
1496,676331132040,201201170000000530,1326760997,534,45.597687,-74.34626999999999,1
1498,676331132040,201201170000000530,1326761450,1039,44.715521,-73.571486,1
1499,341559343212109,201201170000000530,1326761950,1189,40.834837,-89.120954,1
1504,5590294502817012,201201170000000530,1326768153,2256,31.794681,-98.459417,1
1505,5590294502817012,201201170000000530,1326768970,698,29.974083,-96.573985,1
1530,676331132040,201201170000000530,1326796701,642,44.259465000000006,-72.068871,1
1561,341559343212109,201201170000000530,1326839056,1029,38.521506,-87.676891,1
1564,341559343212109,201201170000000530,1326840042,453,38.552937,-88.67728100000001,1
1566,341559343212109,201201170000000530,1326840118,998,38.990974,-87.87185500000001,1
1567,5590294502817012,201201170000000530,1326840434,2083,30.301267,-98.887237,1
1569,676331132040,201201170000000530,1326841097,775,44.36155,-72.13811,1
1570,341559343212109,201201170000000530,1326841788,248,38.021388,-86.344542,1
1571,341559343212109,201201170000000530,1326842260,1376,37.921349,-86.74404399999999,1
1572,341559343212109,201201170000000530,1326843415,1082,39.810603,-88.442308,1
1577,30157941709315,201201180000000530,1326850141,511,43.753079,-89.980763,1
1578,30157941709315,201201180000000530,1326850301,322,43.472714,-92.93226,1
1582,5590294502817012,201201180000000530,1326853875,272,29.977521999999997,-98.05230999999999,1
1583,30157941709315,201201180000000530,1326854350,493,41.951582,-90.64019499999999,1
1585,30157941709315,201201180000000530,1326855209,427,44.478443,-92.11235,1
1587,4368593032190508,201201180000000530,1326855625,872,39.871705,-76.629522,1
1589,30157941709315,201201180000000530,1326858825,724,43.5051,-92.516908,1
1628,349326734419590,201201180000000530,1326907948,326,37.273154,-94.900377,1
1631,5590294502817012,201201180000000530,1326909899,2339,31.725996000000002,-96.827866,1
1646,349326734419590,201201180000000530,1326924980,384,38.638205,-95.19286600000001,1
1647,4368593032190508,201201180000000530,1326925041,885,40.574426,-75.69120500000001,1
1648,349326734419590,201201180000000530,1326925536,390,35.844834000000006,-95.327903,1
1649,349326734419590,201201180000000530,1326926687,320,38.04169,-95.619849,1
1652,349326734419590,201201180000000530,1326927267,205,36.775252,-95.390609,1
1653,4368593032190508,201201180000000530,1326927282,2176,40.690272,-77.151825,1
1654,4368593032190508,201201180000000530,1326927769,880,41.46716,-76.511844,1
1659,5590294502817012,201201180000000530,1326929792,1498,29.354327,-98.194946,1
1660,5590294502817012,201201180000000530,1326930038,1969,29.689985999999998,-97.760649,1
1662,30157941709315,201201180000000530,1326930879,239,43.872065,-90.424929,1
1663,349326734419590,201201180000000530,1326931006,188,38.446478000000006,-95.040401,1
1668,4092259246729,201201190000000530,1326935995,268,40.821338,-91.866019,1
1677,349326734419590,201201190000000530,1326949161,430,35.92707,-96.18845300000001,1
1692,30157941709315,201201190000000530,1326962730,317,44.878113,-90.108834,1
1705,349326734419590,201201190000000530,1326978501,288,36.479364000000004,-93.861935,1
1715,4368593032190508,201201190000000530,1326987587,2103,39.639368,-75.405335,1
1732,30157941709315,201201190000000530,1327009330,314,43.129181,-91.32885300000001,1
1733,4368593032190508,201201190000000530,1327010663,543,39.183995,-75.80364399999999,1
1734,30157941709315,201201190000000530,1327011032,1238,45.130041,-91.85939499999999,1
1736,4092259246729,201201190000000530,1327012203,469,41.6169,-91.77799999999999,1
1738,4092259246729,201201190000000530,1327013120,845,40.277565,-89.999122,1
1739,4368593032190508,201201190000000530,1327013400,2587,40.284147999999995,-75.992406,1
1743,4368593032190508,201201190000000530,1327015763,800,40.510740000000006,-77.17944,1
1744,4368593032190508,201201190000000530,1327016208,2723,41.335066,-75.62100699999999,1
1745,349326734419590,201201190000000530,1327016698,287,36.838967,-94.917839,1
1746,349326734419590,201201190000000530,1327016960,428,37.518415999999995,-95.93339399999999,1
1747,349326734419590,201201190000000530,1327017184,194,36.287538,-94.299089,1
1748,4368593032190508,201201190000000530,1327017252,2378,39.767652000000005,-74.976238,1
1749,4092259246729,201201190000000530,1327017393,698,39.393252000000004,-92.231782,1
1750,6546851067101927,201201200000000530,1327017780,1079,42.279628,-90.472309,1
1751,30300776786251,201201200000000530,1327018887,314,27.709234000000002,-95.898946,1
1752,4048725581466255,201201200000000530,1327019324,1314,41.251163,-86.331979,1
1754,4765125568595799,201201200000000530,1327020657,414,39.078266,-77.22733000000001,1
1757,4092259246729,201201200000000530,1327023212,309,41.70158,-90.09333199999999,1
1761,30300776786251,201201200000000530,1327027740,374,30.210161,-95.283197,1
1762,4092259246729,201201200000000530,1327028924,554,39.60147,-90.330535,1
1763,4765125568595799,201201200000000530,1327029279,569,37.933746,-77.47451099999999,1
1765,30300776786251,201201200000000530,1327029740,528,29.44156,-97.62218399999999,1
1766,6546851067101927,201201200000000530,1327031416,2167,40.084790999999996,-88.664261,1
1768,30300776786251,201201200000000530,1327031904,515,28.846171000000002,-94.760419,1
1774,30300776786251,201201200000000530,1327038664,255,30.285663,-96.023652,1
1781,6546851067101927,201201200000000530,1327045821,323,42.039097,-90.251652,1
1795,4092259246729,201201200000000530,1327056172,378,39.750785,-91.848089,1
1841,4092259246729,201201200000000530,1327097006,438,41.524914,-89.89255,1
1842,4092259246729,201201200000000530,1327097104,241,40.801288,-89.548221,1
1843,6546851067101927,201201200000000530,1327097252,1253,39.431488,-88.49577099999999,1
1844,6546851067101927,201201200000000530,1327097611,1391,41.811978,-90.087973,1
1845,6546851067101927,201201200000000530,1327097677,647,39.150985,-90.51688,1
1846,30300776786251,201201200000000530,1327098619,309,28.619144,-95.351107,1
1848,30405027360515,201201200000000530,1327099071,259,41.583123,-123.176452,1
1850,30300776786251,201201200000000530,1327099811,297,27.300415,-96.339417,1
1851,30300776786251,201201200000000530,1327100194,223,30.432624,-95.446474,1
1852,4048725581466255,201201200000000530,1327100195,1688,41.934204,-89.154545,1
1853,4765125568595799,201201200000000530,1327100232,480,39.306228000000004,-78.46349000000001,1
1854,30405027360515,201201200000000530,1327100292,509,41.538953,-124.96976599999999,1
1855,6546851067101927,201201200000000530,1327100415,1042,40.497948,-89.933054,1
1856,4765125568595799,201201200000000530,1327100766,428,39.757766,-78.078643,1
1857,4048725581466255,201201200000000530,1327102171,275,41.650259000000005,-87.080535,1
1858,30300776786251,201201200000000530,1327102232,274,29.283447999999996,-94.949852,1
1859,4765125568595799,201201200000000530,1327102258,297,39.004891,-79.502172,1
1861,4765125568595799,201201200000000530,1327102680,379,38.948056,-78.856712,1
1862,4765125568595799,201201200000000530,1327102849,220,37.115284,-79.597551,1
1866,6546851067101927,201201210000000530,1327106615,304,40.103495,-89.172431,1
1869,30405027360515,201201210000000530,1327109008,669,40.629501,-122.30641100000001,1
1872,6546851067101927,201201210000000530,1327111800,1187,39.521735,-88.006452,1
1874,30405027360515,201201210000000530,1327112053,651,41.062118,-125.437401,1
1877,4765125568595799,201201210000000530,1327115041,224,38.577785999999996,-77.428359,1
1878,6546851067101927,201201210000000530,1327116370,2062,40.428447,-88.053364,1
1880,30300776786251,201201210000000530,1327116585,307,29.958445,-94.91976700000001,1
1881,4048725581466255,201201210000000530,1327117026,2323,41.930135,-86.367812,1
1884,30300776786251,201201210000000530,1327121371,356,28.048965999999997,-95.99857800000001,1
1891,4765125568595799,201201210000000530,1327126152,327,38.009106,-77.147944,1
1928,30405027360515,201201210000000530,1327159126,610,39.760265999999994,-123.15385900000001,1
1937,4048725581466255,201201210000000530,1327162957,213,42.959635999999996,-86.647456,1
1971,30405027360515,201201210000000530,1327183074,578,39.339053,-123.340603,1
1972,30300776786251,201201210000000530,1327183418,490,27.553099,-95.036552,1
1975,4765125568595799,201201210000000530,1327184146,323,38.315717,-78.52871999999999,1
1976,4765125568595799,201201210000000530,1327184232,448,37.589857,-79.60486999999999,1
1978,30405027360515,201201210000000530,1327184616,621,39.505043,-122.36835500000001,1
1980,30405027360515,201201210000000530,1327185412,627,41.665504999999996,-124.86041100000001,1
1981,6546851067101927,201201210000000530,1327185545,1120,39.25523,-89.69148299999999,1
1983,4048725581466255,201201210000000530,1327186099,2699,43.009733000000004,-88.239351,1
1984,4048725581466255,201201210000000530,1327186634,1384,41.100244,-85.987183,1
1985,4765125568595799,201201210000000530,1327186679,334,39.752484,-77.309576,1
1987,30405027360515,201201210000000530,1327187981,568,40.219943,-123.667754,1
1991,4765125568595799,201201210000000530,1327189438,188,38.024259,-79.136579,1
1992,4765125568595799,201201210000000530,1327189563,325,39.790209000000004,-79.41983,1
1993,6546851067101927,201201210000000530,1327189785,1643,39.647667999999996,-90.807133,1
1994,4765125568595799,201201210000000530,1327190178,392,37.524049,-79.676986,1
2137,3526015186182660,201201230000000530,1327334386,510,38.085898,-121.558968,1
2145,3526015186182660,201201230000000530,1327356500,370,38.448676,-121.782025,1
2147,38535403302699,201201230000000530,1327357261,1190,38.371103999999995,-84.733744,1
2149,38535403302699,201201230000000530,1327357450,1368,39.225709,-81.816459,1
2150,3526015186182660,201201230000000530,1327359832,248,36.616303,-119.396442,1
2151,3526015186182660,201201230000000530,1327360430,263,39.762237,-119.561306,1
2158,3526015186182660,201201240000000530,1327366493,554,38.185517,-121.66663,1
2161,3526015186182660,201201240000000530,1327373703,512,37.089702,-118.960622,1
2170,4738555317386146,201201240000000530,1327397754,325,33.627209,-87.036776,1
2187,38535403302699,201201240000000530,1327422137,214,40.345257000000004,-82.657561,1
2188,38535403302699,201201240000000530,1327422340,296,38.620146999999996,-81.782528,1
2208,38535403302699,201201240000000530,1327444297,1192,38.366534,-82.279188,1
2209,38535403302699,201201240000000530,1327444620,232,39.441865,-83.86225400000001,1
2210,3526015186182660,201201240000000530,1327445127,195,37.544518,-120.272902,1
2211,3526015186182660,201201240000000530,1327445242,506,38.364011,-120.56282399999999,1
2215,38535403302699,201201240000000530,1327447015,942,38.599529,-84.339674,1
2216,3526015186182660,201201240000000530,1327447423,350,39.002821000000004,-119.819249,1
2217,3526015186182660,201201240000000530,1327447721,234,39.902371,-119.341191,1
2219,3526015186182660,201201240000000530,1327448509,276,36.86027,-119.74770900000001,1
2220,3526015186182660,201201240000000530,1327448567,206,37.795235999999996,-119.610844,1
2221,30170394853324,201201250000000530,1327449766,586,44.533954,-78.199697,1
2225,4738555317386146,201201250000000530,1327454523,895,36.180597999999996,-86.703006,1
2227,5421885738881170,201201250000000530,1327455003,214,39.390013,-82.410958,1
2229,5421885738881170,201201250000000530,1327456440,244,39.736067,-82.90807099999999,1
2230,4738555317386146,201201250000000530,1327457619,484,33.543801,-88.9037,1
2232,30170394853324,201201250000000530,1327458982,269,42.193569000000004,-75.53534,1
2233,4738555317386146,201201250000000530,1327460263,870,34.876575,-86.242135,1
2235,5421885738881170,201201250000000530,1327462270,209,41.875836,-83.74196500000001,1
2236,5421885738881170,201201250000000530,1327463479,226,39.995998,-84.624333,1
2244,30170394853324,201201250000000530,1327468516,190,43.540713000000004,-75.561444,1
2245,30170394853324,201201250000000530,1327472577,520,44.412112,-77.630363,1
2257,5421885738881170,201201250000000530,1327486095,217,40.107808,-83.46177,1
2259,5421885738881170,201201250000000530,1327490104,256,38.631997,-81.349237,1
2274,30170394853324,201201250000000530,1327504867,348,44.599261,-75.18960899999999,1
2281,30170394853324,201201250000000530,1327514017,349,41.517753000000006,-77.859043,1
2293,5417459284978545,201201250000000530,1327528854,290,42.917006,-76.179649,1
2294,5421885738881170,201201250000000530,1327529514,243,40.008553000000006,-81.74439699999999,1
2295,30170394853324,201201250000000530,1327529703,325,42.932533,-75.474163,1
2296,5421885738881170,201201250000000530,1327529932,217,41.844528000000004,-82.468209,1
2297,5417459284978545,201201250000000530,1327530116,502,41.531437,-79.028405,1
2298,5421885738881170,201201250000000530,1327530370,222,39.284301,-81.873239,1
2299,5421885738881170,201201250000000530,1327530440,232,39.616153000000004,-84.609503,1
2300,5417459284978545,201201250000000530,1327530683,1057,43.003885,-76.795875,1
2301,5417459284978545,201201250000000530,1327531200,392,43.929969,-77.843901,1
2302,4738555317386146,201201250000000530,1327533239,402,36.355639000000004,-89.324768,1
2304,30170394853324,201201250000000530,1327534096,351,43.562498,-77.23010699999999,1
2305,5417459284978545,201201250000000530,1327534170,1246,42.325479,-77.045865,1
2306,30170394853324,201201250000000530,1327534331,211,44.553532000000004,-78.112314,1
2308,4738555317386146,201201250000000530,1327535231,695,34.949444,-87.649077,1
2310,4738555317386146,201201250000000530,1327535990,365,36.457242,-87.861717,1
2311,5417459284978545,201201260000000530,1327537830,394,41.900490999999995,-77.330969,1
2313,5417459284978545,201201260000000530,1327539799,952,44.453934000000004,-78.79214499999999,1
2314,5417459284978545,201201260000000530,1327540343,841,41.334989,-76.082994,1
2319,5421885738881170,201201260000000530,1327545120,252,40.336259000000005,-81.763809,1
2320,5421885738881170,201201260000000530,1327548430,240,41.019379,-82.989521,1
2324,5421885738881170,201201260000000530,1327556337,244,41.313708,-83.790338,1
2378,5421885738881170,201201260000000530,1327615002,250,39.526028000000004,-81.685911,1
2379,30170394853324,201201260000000530,1327615263,286,43.660812,-75.964735,1
2380,5421885738881170,201201260000000530,1327617056,216,40.801297,-83.10743000000001,1
2382,30170394853324,201201260000000530,1327617285,449,43.249989,-75.97238,1
2383,5421885738881170,201201260000000530,1327618949,200,41.562874,-83.061803,1
2384,5417459284978545,201201260000000530,1327619264,774,43.843854,-78.761845,1
2386,5417459284978545,201201260000000530,1327620701,530,41.698347,-79.291538,1
2388,5417459284978545,201201260000000530,1327621312,683,43.099263,-77.71556600000001,1
3313,5157595343543285,201601230000000530,1453510384,280,26.540609000000003,-97.150172,1
3315,5157595343543285,201601230000000530,1453511472,767,27.824719,-97.176828,1
3316,5157595343543285,201601230000000530,1453513502,736,26.319252000000002,-99.652606,1
3336,5157595343543285,201601230000000530,1453589239,246,28.399465999999997,-97.769062,1
3340,5157595343543285,201601240000000530,1453601802,468,26.534748999999998,-97.468622,1
3343,5157595343543285,201601240000000530,1453606046,462,27.296912,-100.513584,1
3358,5157595343543285,201601240000000530,1453672970,475,26.853820000000002,-98.080691,1
5571,675985166411,201605030000000530,1462235712,431,45.82376,-73.49074300000001,1
5575,675985166411,201605030000000530,1462242437,727,46.163044,-73.867129,1
5576,675985166411,201605030000000530,1462247398,574,45.137923,-76.432674,1
5577,675985166411,201605030000000530,1462247698,562,44.236596999999996,-76.437062,1
5578,675985166411,201605030000000530,1462252246,346,43.937546999999995,-74.37820699999999,1
5584,675985166411,201605030000000530,1462287466,321,45.690596,-73.66109,1
5586,675985166411,201605030000000530,1462290460,538,46.101262,-76.257293,1
5594,675985166411,201605030000000530,1462319084,396,43.395146999999994,-75.763114,1
5595,675985166411,201605040000000530,1462321212,826,46.101154,-76.482807,1
5596,675985166411,201605040000000530,1462328208,570,43.449756,-75.180667,1
5613,675985166411,201605040000000530,1462402053,440,43.525518,-73.705683,1
7488,4483018920250,201607090000000530,1468031458,587,36.059199,-108.093589,1
7490,4483018920250,201607090000000530,1468032937,524,35.792286,-109.647979,1
7494,4483018920250,201607090000000530,1468051449,588,36.206075,-109.24335,1
7513,4483018920250,201607090000000530,1468087696,435,38.388723,-108.00706100000001,1
7525,4483018920250,201607090000000530,1468102336,699,35.802825,-108.536396,1
7531,4483018920250,201607090000000530,1468107038,347,35.507304,-107.59490600000001,1
7535,4483018920250,201607100000000530,1468109548,799,35.521668,-106.90876999999999,1
7537,4483018920250,201607100000000530,1468115044,368,37.829509,-108.056432,1
7538,4483018920250,201607100000000530,1468116205,381,36.564946,-109.27871499999999,1
7539,4483018920250,201607100000000530,1468117300,634,38.510459000000004,-109.504374,1
7540,4483018920250,201607100000000530,1468118258,571,35.539499,-106.95531000000001,1
7597,4483018920250,201607100000000530,1468191374,330,37.740206,-107.538071,1
8267,6011779269963768,201608010000000530,1470052644,769,38.196033,-89.180357,1
8280,6011779269963768,201608010000000530,1470092018,530,37.299637,-88.52316400000001,1
8282,6011779269963768,201608010000000530,1470095834,326,38.150017999999996,-89.272993,1
8284,6011779269963768,201608020000000530,1470099114,667,35.389334000000005,-88.52731800000001,1
8293,6011779269963768,201608020000000530,1470154150,293,37.646282,-88.970836,1
8294,6011779269963768,201608020000000530,1470154840,630,38.307927,-88.34858299999999,1
8299,6011779269963768,201608020000000530,1470161827,546,38.079855,-89.645083,1
8300,6011779269963768,201608020000000530,1470162936,301,35.849033,-90.637685,1
8308,6011779269963768,201608020000000530,1470180082,321,36.760804,-88.740747,1
9766,4641003399120410,201609240000000530,1474756670,855,43.514922,-91.450241,1
9767,4641003399120410,201609240000000530,1474758695,501,42.678862,-91.04639300000001,1
9769,4641003399120410,201609240000000530,1474760087,454,40.488448,-93.3132,1
9770,4641003399120410,201609250000000530,1474762942,550,43.632919,-92.113826,1
9774,4641003399120410,201609250000000530,1474786112,242,42.570266,-93.639275,1
9792,4641003399120410,201609250000000530,1474837213,352,40.608129999999996,-90.848949,1
9798,4641003399120410,201609250000000530,1474842511,208,43.418862,-92.464613,1
9799,4641003399120410,201609250000000530,1474842575,765,41.211894,-90.531545,1
11438,4361646620879135,201611300000000530,1480472087,191,40.748447,-76.12424200000001,1
11471,4361646620879135,201611300000000530,1480549201,539,41.654969,-73.221953,1
11474,4361646620879135,201612010000000530,1480556702,471,41.485440999999994,-73.228024,1
11476,4361646620879135,201612010000000530,1480559363,637,41.569653,-73.450462,1
11509,4361646620879135,201612010000000530,1480631511,308,42.198637,-75.272263,1
11510,4361646620879135,201612010000000530,1480633659,261,41.162535,-75.843331,1
11512,4361646620879135,201612010000000530,1480634212,449,40.097713,-73.577023,1
